StageTemperatureSum0,54.528973716045584
StageTemperatureSum1,306.0526003782511
StageTemperatureSum2,138.2881109340407
StageTemperatureSum3,245.0957417961381
StageTemperatureSum4,230.92771852719554
StageTemperatureSum5,475.47979231270716
