StageTemperatureSum0,108.96773724331882
StageTemperatureSum1,368.30683723875552
StageTemperatureSum2,431.32674514969608
StageTemperatureSum3,238.97114834537075
StageTemperatureSum4,495.85081575855565
