StageTemperatureSum0,101.04563704119171
StageTemperatureSum1,551.07678304166575
StageTemperatureSum2,576.88394672913932
StageTemperatureSum3,245.83335664974632
StageTemperatureSum4,380.42864658608255
