StageTemperatureSum0,115.42633439460931
StageTemperatureSum1,475.46527916704065
StageTemperatureSum2,575.16771969273077
StageTemperatureSum3,247.6398560493503
StageTemperatureSum4,484.20103608955526
