StageTemperatureSum0,163.14043518291993
StageTemperatureSum1,262.07387356381128
StageTemperatureSum2,592.33986855342573
StageTemperatureSum3,241.45388742880252
StageTemperatureSum4,489.62321573756623
