StageTemperatureSum0,51.740553479890792
StageTemperatureSum1,304.80944951243805
StageTemperatureSum2,248.23756502378589
StageTemperatureSum3,170.56873361091874
StageTemperatureSum4,216.14349727376697
StageTemperatureSum5,374.60846475861524
